{"properties":{"connectionReferences":{"shared_commondataserviceforapps":{"runtimeSource":"embedded","connection":{"connectionReferenceLogicalName":"tfl_sharedcommondataserviceforapps_57f0d"},"api":{"name":"shared_commondataserviceforapps"}},"shared_sendmail":{"runtimeSource":"embedded","connection":{"connectionReferenceLogicalName":"tfl_sharedsendmail_6a4dc"},"api":{"name":"shared_sendmail"}}},"definition":{"$schema":"https://schema.management.azure.com/providers/Microsoft.Logic/schemas/2016-06-01/workflowdefinition.json#","contentVersion":"1.0.0.0","parameters":{"$connections":{"defaultValue":{},"type":"Object"},"$authentication":{"defaultValue":{},"type":"SecureObject"}},"triggers":{"Run_every_day":{"recurrence":{"frequency":"Day","interval":1,"startTime":"2021-08-26T18:30:00Z"},"type":"Recurrence"}},"actions":{"Log_-_Application_Name":{"runAfter":{},"type":"InitializeVariable","inputs":{"variables":[{"name":"logApplication","type":"string","value":"DeletionPolicy.Job"}]}},"Log_-_Entity_Name":{"runAfter":{"Log_-_Application_Name":["Succeeded"]},"type":"InitializeVariable","inputs":{"variables":[{"name":"logEntityName","type":"string","value":"Account, Cases, Contacts, Notes, Activities"}]}},"Delete_all_accounts_post_retention_period":{"actions":{"Get_all_accounts_to_be_deleted":{"runAfter":{},"type":"OpenApiConnection","inputs":{"host":{"connectionName":"shared_commondataserviceforapps","operationId":"ListRecords","apiId":"/providers/Microsoft.PowerApps/apis/shared_commondataserviceforapps"},"parameters":{"entityName":"accounts","$select":"name,accountid","$filter":"tfl_retentionenddate le @{utcNow()}"},"authentication":"@parameters('$authentication')"}},"For_each_Account":{"foreach":"@outputs('Get_all_accounts_to_be_deleted')?['body/value']","actions":{"Log_the_account_name":{"runAfter":{},"type":"AppendToStringVariable","inputs":{"name":"accountList","value":"@items('For_each_Account')?['name']"}},"Delete_account":{"runAfter":{"Log_the_account_name":["Succeeded"]},"type":"OpenApiConnection","inputs":{"host":{"connectionName":"shared_commondataserviceforapps","operationId":"DeleteRecord","apiId":"/providers/Microsoft.PowerApps/apis/shared_commondataserviceforapps"},"parameters":{"entityName":"accounts","recordId":"@items('For_each_Account')?['accountid']"},"authentication":"@parameters('$authentication')"}}},"runAfter":{"Get_all_accounts_to_be_deleted":["Succeeded"]},"type":"Foreach"}},"runAfter":{"Power_Automate_URL":["Succeeded"]},"type":"Scope"},"List_of_accounts_to_be_deleted":{"runAfter":{"Log_-_Entity_Name":["Succeeded"]},"type":"InitializeVariable","inputs":{"variables":[{"name":"accountList","type":"string"}]}},"Error_Information":{"runAfter":{"List_of_accounts_to_be_deleted":["Succeeded"]},"type":"InitializeVariable","inputs":{"variables":[{"name":"errorOutput","type":"string"}]}},"Error_processing":{"actions":{"Get_environment_variable_for_admin_email":{"runAfter":{},"type":"OpenApiConnection","inputs":{"host":{"connectionName":"shared_commondataserviceforapps","operationId":"ListRecords","apiId":"/providers/Microsoft.PowerApps/apis/shared_commondataserviceforapps"},"parameters":{"entityName":"environmentvariabledefinitions","$select":"defaultvalue","$filter":"schemaname eq 'tfl_AdminEmailID'"},"authentication":"@parameters('$authentication')"}},"Get_email_for_admin":{"foreach":"@outputs('Get_environment_variable_for_admin_email')?['body/value']","actions":{"Set_admin_email":{"runAfter":{},"type":"SetVariable","inputs":{"name":"adminEmail","value":"@items('Get_email_for_admin')?['defaultvalue']"}}},"runAfter":{"Get_environment_variable_for_admin_email":["Succeeded"]},"type":"Foreach"},"Send_email_to_admin":{"runAfter":{"Log_error_information_in_application_log":["Succeeded"]},"type":"OpenApiConnection","inputs":{"host":{"connectionName":"shared_sendmail","operationId":"SendEmailV3","apiId":"/providers/Microsoft.PowerApps/apis/shared_sendmail"},"parameters":{"request/to":"@{variables('adminEmail')};","request/subject":"TFL.DeletionPolicy.Job has failed","request/text":"<p>Dear Team,<br>\n<br>\nTFL.DeletionPolicy.Job has been failed. More information on run details can be accessed by clicking on the url below.<br>\n<br>\n@{variables('powerAutomateURL')}<br>\n<br>\nThanks,<br>\nTFL Customer Service Application<br>\n(DO NOT REPLY)</p>"},"authentication":"@parameters('$authentication')"}},"Log_error_information_in_application_log":{"runAfter":{"Get_power_automate_url":["Succeeded"]},"type":"OpenApiConnection","inputs":{"host":{"connectionName":"shared_commondataserviceforapps","operationId":"CreateRecord","apiId":"/providers/Microsoft.PowerApps/apis/shared_commondataserviceforapps"},"parameters":{"entityName":"tfl_applicationlogs","item/tfl_name":"TFL.DeletionPolicy.Job has been failed on @{utcNow()}","item/tfl_applicationname":"@variables('logApplication')","item/tfl_description":"Job has been failed. More information on run details can be accessed by navigating to the url given below.\n\n@{variables('powerAutomateURL')}","item/tfl_entityname":"@variables('logEntityName')","item/tfl_logtype":100000000,"item/tfl_origin":100000003},"authentication":"@parameters('$authentication')"}},"Get_environment_variable_for_power_automate_url":{"runAfter":{"Get_email_for_admin":["Succeeded"]},"type":"OpenApiConnection","inputs":{"host":{"connectionName":"shared_commondataserviceforapps","operationId":"ListRecords","apiId":"/providers/Microsoft.PowerApps/apis/shared_commondataserviceforapps"},"parameters":{"entityName":"environmentvariabledefinitions","$select":"defaultvalue","$filter":"schemaname eq 'tfl_PowerAutomateURL'"},"authentication":"@parameters('$authentication')"}},"Get_power_automate_url":{"foreach":"@outputs('Get_environment_variable_for_power_automate_url')?['body/value']","actions":{"Set_Power_Automate_URL":{"runAfter":{},"type":"SetVariable","inputs":{"name":"powerAutomateURL","value":"@{items('Get_power_automate_url')?['defaultvalue']}@{concat(workflow()?['tags']['environmentName'],\r\n'/flows/',\r\nworkflow()?['name'],\r\n'/runs/',\r\nworkflow()?['run']['name'])}"}}},"runAfter":{"Get_environment_variable_for_power_automate_url":["Succeeded"]},"type":"Foreach"}},"runAfter":{"Delete_all_accounts_post_retention_period":["Failed","TimedOut"]},"type":"Scope"},"Job_Admin_Email_ID":{"runAfter":{"Error_Information":["Succeeded"]},"type":"InitializeVariable","inputs":{"variables":[{"name":"adminEmail","type":"string"}]}},"Job_is_successful":{"actions":{"Log_success_information_in_application_log":{"runAfter":{},"type":"OpenApiConnection","inputs":{"host":{"connectionName":"shared_commondataserviceforapps","operationId":"CreateRecord","apiId":"/providers/Microsoft.PowerApps/apis/shared_commondataserviceforapps"},"parameters":{"entityName":"tfl_applicationlogs","item/tfl_name":"TFL.DeletionPolicy.Job run successfully on @{utcNow()}","item/tfl_applicationname":"@variables('logApplication')","item/tfl_description":"All associated contacts, cases, cases for assoicated contacts along with notes, attachments, activities for the corresponding accounts, contacts and cases have been deleted. List of impacted accounts are -  \n@{variables('accountList')}","item/tfl_entityname":"@variables('logEntityName')","item/tfl_logtype":100000002,"item/tfl_origin":100000003},"authentication":"@parameters('$authentication')"}}},"runAfter":{"Delete_all_accounts_post_retention_period":["Succeeded"]},"type":"Scope"},"Power_Automate_URL":{"runAfter":{"Job_Admin_Email_ID":["Succeeded"]},"type":"InitializeVariable","inputs":{"variables":[{"name":"powerAutomateURL","type":"string"}]}}}}},"schemaVersion":"1.0.0.0"}