{"properties":{"connectionReferences":{"shared_commondataserviceforapps":{"impersonation":{},"runtimeSource":"embedded","connection":{"connectionReferenceLogicalName":"tfl_sharedcommondataserviceforapps_57f0d"},"api":{"name":"shared_commondataserviceforapps"}},"shared_commondataserviceforapps_1":{"impersonation":{},"runtimeSource":"embedded","connection":{"connectionReferenceLogicalName":"tfl_sharedcommondataserviceforapps_57f0d"},"api":{"name":"shared_commondataserviceforapps"}},"shared_sendmail":{"runtimeSource":"embedded","connection":{"connectionReferenceLogicalName":"tfl_sharedsendmail_6a4dc"},"api":{"name":"shared_sendmail"}}},"definition":{"$schema":"https://schema.management.azure.com/providers/Microsoft.Logic/schemas/2016-06-01/workflowdefinition.json#","contentVersion":"1.0.0.0","parameters":{"$connections":{"defaultValue":{},"type":"Object"},"$authentication":{"defaultValue":{},"type":"SecureObject"}},"triggers":{"Case_Status_has_been_modified":{"type":"OpenApiConnectionWebhook","inputs":{"host":{"apiId":"/providers/Microsoft.PowerApps/apis/shared_commondataserviceforapps","connectionName":"shared_commondataserviceforapps","operationId":"SubscribeWebhookTrigger"},"parameters":{"subscriptionRequest/message":3,"subscriptionRequest/entityname":"incident","subscriptionRequest/scope":4,"subscriptionRequest/filteringattributes":"statecode","subscriptionRequest/runas":3,"subscriptionRequest/name":"14d91732-3507-ec11-b6e6-0022481a3879"},"authentication":"@parameters('$authentication')"}}},"actions":{"Customer_Type":{"runAfter":{},"type":"InitializeVariable","inputs":{"variables":[{"name":"customerType","type":"string","value":"@{triggerBody()?['_customerid_type']}"}]}},"Retention_End_Date":{"runAfter":{"Customer_ID":["Succeeded"]},"type":"InitializeVariable","inputs":{"variables":[{"name":"retentionEndDate","type":"string","value":"@{addDays(triggerBody()?['modifiedon'],1095,'yyyy-MM-ddTHH:mm:ssZ')}"}]}},"Job_Admin_Email_ID":{"runAfter":{"Retention_End_Date":["Succeeded"]},"type":"InitializeVariable","inputs":{"variables":[{"name":"adminEmail","type":"string"}]}},"Compose_Execution_Context":{"runAfter":{"Power_Automate_URL":["Succeeded"]},"type":"Compose","inputs":"Case Status is: @{triggerOutputs()?['body/statecode']};  \nCase Title is: @{triggerOutputs()?['body/title']};  \nCase Number is: @{triggerOutputs()?['body/ticketnumber']};  \nCustomer Type is: @{variables('customerType')};  \nCustomer is: @{triggerOutputs()?['body/_customerid_value']};  \nTriggered By: @{triggerOutputs()?['body/_modifiedby_value']}  "},"Update_retention_end_date_for_customer_account":{"actions":{"Get_customer_id_if_case_is_resolved":{"actions":{"Is_Customer_Account":{"actions":{"Set_Customer_ID":{"runAfter":{},"type":"SetVariable","inputs":{"name":"customerId","value":"@triggerOutputs()?['body/_customerid_value']"}}},"runAfter":{},"else":{"actions":{"Get_Parent_Account":{"runAfter":{},"type":"OpenApiConnection","inputs":{"host":{"apiId":"/providers/Microsoft.PowerApps/apis/shared_commondataserviceforapps","connectionName":"shared_commondataserviceforapps","operationId":"GetItem"},"parameters":{"entityName":"contacts","recordId":"@triggerOutputs()?['body/_customerid_value']","$select":"_parentcustomerid_value"},"authentication":"@parameters('$authentication')"}},"Is_Parent_Account_set":{"actions":{"Set_Parent_Account":{"runAfter":{},"type":"SetVariable","inputs":{"name":"customerId","value":"@outputs('Get_Parent_Account')?['body/_parentcustomerid_value']"}}},"runAfter":{"Get_Parent_Account":["Succeeded"]},"else":{"actions":{"Get_user_details_who_triggered_the_process":{"runAfter":{},"type":"OpenApiConnection","inputs":{"host":{"apiId":"/providers/Microsoft.PowerApps/apis/shared_commondataserviceforapps","connectionName":"shared_commondataserviceforapps_1","operationId":"GetItem"},"parameters":{"entityName":"systemusers","recordId":"@triggerOutputs()?['body/_modifiedby_value']","$select":"fullname,internalemailaddress"},"authentication":"@parameters('$authentication')"}},"Send_email_to_user_notifying_parent_account_missing":{"runAfter":{"Get_user_details_who_triggered_the_process":["Succeeded"]},"type":"OpenApiConnection","inputs":{"host":{"apiId":"/providers/Microsoft.PowerApps/apis/shared_sendmail","connectionName":"shared_sendmail","operationId":"SendEmailV3"},"parameters":{"request/to":"@{outputs('Get_user_details_who_triggered_the_process')?['body/internalemailaddress']};","request/subject":"Retention end date update failed for @{triggerOutputs()?['body/ticketnumber']}","request/text":"<p>Hi @{outputs('Get_user_details_who_triggered_the_process')?['body/fullname']},<br>\n<br>\nRetention end date update has been failed for case @{triggerOutputs()?['body/ticketnumber']}. The customer associated with case does not have a parent account.<br>\n<br>\nFor more details please contact your administrator.<br>\n<br>\n<br>\nThanks,<br>\nCustomer Service Application<br>\n(DO NOT REPLY)</p>"},"authentication":"@parameters('$authentication')"}},"Add_a_warning_in_application_log":{"runAfter":{"Send_email_to_user_notifying_parent_account_missing":["Succeeded"]},"type":"OpenApiConnection","inputs":{"host":{"apiId":"/providers/Microsoft.PowerApps/apis/shared_commondataserviceforapps","connectionName":"shared_commondataserviceforapps_1","operationId":"CreateRecord"},"parameters":{"entityName":"tfl_applicationlogs","item/tfl_name":"Parent Account is missing for case @{triggerOutputs()?['body/ticketnumber']}","item/tfl_applicationname":"@variables('logApplication')","item/tfl_CallingUser@odata.bind":"/systemusers(@{triggerOutputs()?['body/_modifiedby_value']})","item/tfl_description":"Retention end date update has been failed for case @{triggerOutputs()?['body/ticketnumber']}. The customer associated with case does not have a parent account.\n\nFor more details please contact your administrator.@{triggerOutputs()?['body/ticketnumber']}","item/tfl_entityname":"@variables('logEntityName')","item/tfl_logtype":100000001,"item/tfl_origin":100000003,"item/tfl_recordid":"@triggerOutputs()?['body/incidentid']","item/tfl_recordname":"@triggerOutputs()?['body/title']"},"authentication":"@parameters('$authentication')"}}}},"expression":{"not":{"equals":["@outputs('Get_Parent_Account')?['body/_parentcustomerid_value']","@null"]}},"type":"If"}}},"expression":{"equals":["@variables('customerType')","accounts"]},"type":"If"}},"runAfter":{},"expression":{"equals":["@triggerOutputs()?['body/statecode']",1]},"type":"If"},"Update_retention_date_based_on_legal_hold":{"actions":{"Get_account_details":{"runAfter":{},"type":"OpenApiConnection","inputs":{"host":{"apiId":"/providers/Microsoft.PowerApps/apis/shared_commondataserviceforapps","connectionName":"shared_commondataserviceforapps_1","operationId":"GetItem"},"parameters":{"entityName":"accounts","recordId":"@variables('customerId')","$select":"accountid,tfl_legalhold"},"authentication":"@parameters('$authentication')"}},"Update_account_based_on_legal_hold_status":{"actions":{"Update_last_retention_end_date":{"runAfter":{},"type":"OpenApiConnection","inputs":{"host":{"apiId":"/providers/Microsoft.PowerApps/apis/shared_commondataserviceforapps","connectionName":"shared_commondataserviceforapps_1","operationId":"UpdateRecord"},"parameters":{"entityName":"accounts","recordId":"@variables('customerId')","item/tfl_lastretentionenddate":"@variables('retentionEndDate')"},"authentication":"@parameters('$authentication')"}}},"runAfter":{"Get_account_details":["Succeeded"]},"else":{"actions":{"Update_retention_end_date":{"runAfter":{},"type":"OpenApiConnection","inputs":{"host":{"apiId":"/providers/Microsoft.PowerApps/apis/shared_commondataserviceforapps","connectionName":"shared_commondataserviceforapps_1","operationId":"UpdateRecord"},"parameters":{"entityName":"accounts","recordId":"@variables('customerId')","item/tfl_lastretentionenddate":"@variables('retentionEndDate')","item/tfl_retentionenddate":"@variables('retentionEndDate')"},"authentication":"@parameters('$authentication')"}}}},"expression":{"equals":["@outputs('Get_account_details')?['body/tfl_legalhold']","@true"]},"type":"If"}},"runAfter":{"Get_customer_id_if_case_is_resolved":["Succeeded"]},"expression":{"not":{"equals":["@empty(variables('customerId'))","@true"]}},"type":"If"}},"runAfter":{"Log_-_Entity_Name":["Succeeded"]},"type":"Scope"},"Customer_ID":{"runAfter":{"Customer_Type":["Succeeded"]},"type":"InitializeVariable","inputs":{"variables":[{"name":"customerId","type":"string"}]}},"Log_-_Application":{"runAfter":{"Execution_Context":["Succeeded"]},"type":"InitializeVariable","inputs":{"variables":[{"name":"logApplication","type":"string","value":"Set Retention End Date"}]}},"Log_-_Entity_Name":{"runAfter":{"Log_-_Application":["Succeeded"]},"type":"InitializeVariable","inputs":{"variables":[{"name":"logEntityName","type":"string","value":"Case"}]}},"Execution_Context":{"runAfter":{"Compose_Execution_Context":["Succeeded"]},"type":"InitializeVariable","inputs":{"variables":[{"name":"executionContext","type":"string","value":"@{outputs('Compose_Execution_Context')}"}]}},"Error_processing":{"actions":{"Get_environment_variable_for_job_admin":{"runAfter":{},"type":"OpenApiConnection","inputs":{"host":{"apiId":"/providers/Microsoft.PowerApps/apis/shared_commondataserviceforapps","connectionName":"shared_commondataserviceforapps_1","operationId":"ListRecords"},"parameters":{"entityName":"environmentvariabledefinitions","$select":"defaultvalue","$filter":"schemaname eq 'tfl_AdminEmailID'"},"authentication":"@parameters('$authentication')"}},"Get_email_for_admin":{"foreach":"@outputs('Get_environment_variable_for_job_admin')?['body/value']","actions":{"Set_admin_email":{"runAfter":{},"type":"SetVariable","inputs":{"name":"adminEmail","value":"@items('Get_email_for_admin')?['defaultvalue']"}}},"runAfter":{"Get_environment_variable_for_job_admin":["Succeeded"]},"type":"Foreach"},"Get_environment_variable_for_power_automate_url":{"runAfter":{"Get_email_for_admin":["Succeeded"]},"type":"OpenApiConnection","inputs":{"host":{"apiId":"/providers/Microsoft.PowerApps/apis/shared_commondataserviceforapps","connectionName":"shared_commondataserviceforapps_1","operationId":"ListRecords"},"parameters":{"entityName":"environmentvariabledefinitions","$select":"defaultvalue","$filter":"schemaname eq 'tfl_PowerAutomateURL'"},"authentication":"@parameters('$authentication')"}},"Get_power_automate_URL":{"foreach":"@outputs('Get_environment_variable_for_power_automate_url')?['body/value']","actions":{"Set_Power_Automate_URL":{"runAfter":{},"type":"SetVariable","inputs":{"name":"powerAutomateURL","value":"@{items('Get_power_automate_URL')?['defaultvalue']}@{concat(workflow()?['tags']['environmentName'], '/flows/', workflow()?['name'], '/runs/', workflow()?['run']['name'])}"}}},"runAfter":{"Get_environment_variable_for_power_automate_url":["Succeeded"]},"type":"Foreach"},"Add_an_error_into_application_log":{"runAfter":{"Get_power_automate_URL":["Succeeded"]},"type":"OpenApiConnection","inputs":{"host":{"apiId":"/providers/Microsoft.PowerApps/apis/shared_commondataserviceforapps","connectionName":"shared_commondataserviceforapps_1","operationId":"CreateRecord"},"parameters":{"entityName":"tfl_applicationlogs","item/tfl_name":"Retention Date update Failed for Case - @{triggerOutputs()?['body/ticketnumber']}","item/tfl_applicationname":"@variables('logApplication')","item/tfl_CallingUser@odata.bind":"/systemusers(@{triggerOutputs()?['body/_modifiedby_value']})","item/tfl_description":"TFL.Retention.Process has been failed. Here is the process execution context - \n@{variables('executionContext')}\n\nMore information on run details can be accessed by navigating to the url given below.\n@{variables('powerAutomateURL')}","item/tfl_entityname":"@variables('logEntityName')","item/tfl_logtype":100000000,"item/tfl_origin":100000003,"item/tfl_recordid":"@triggerOutputs()?['body/incidentid']","item/tfl_recordname":"@triggerOutputs()?['body/title']"},"authentication":"@parameters('$authentication')"}},"Send_email_to_admin":{"runAfter":{"Add_an_error_into_application_log":["Succeeded"]},"type":"OpenApiConnection","inputs":{"host":{"apiId":"/providers/Microsoft.PowerApps/apis/shared_sendmail","connectionName":"shared_sendmail","operationId":"SendEmailV3"},"parameters":{"request/to":"@{variables('adminEmail')};","request/subject":"Retention Date update Failed for Case - @{triggerOutputs()?['body/ticketnumber']}","request/text":"<p>Dear Team,<br>\n<br>\nTFL.Retention.Process has been failed for one instance. Here is the execution context for the failure -<br>\n@{variables('executionContext')}<br>\n<br>\nMore information on run details can be accessed by navigating to the url given below.<br>\n@{variables('powerAutomateURL')}<br>\n<br>\n<br>\nThanks,<br>\nCustomer Service Application<br>\n(DO NOT REPLY)</p>"},"authentication":"@parameters('$authentication')"}}},"runAfter":{"Update_retention_end_date_for_customer_account":["Failed","TimedOut"]},"type":"Scope"},"Power_Automate_URL":{"runAfter":{"Job_Admin_Email_ID":["Succeeded"]},"type":"InitializeVariable","inputs":{"variables":[{"name":"powerAutomateURL","type":"string"}]}}},"outputs":{}}},"schemaVersion":"1.0.0.0"}