<environmentvariabledefinition schemaname="tfl_LegalHoldMessage">
  <defaultvalue>Do you really want to set Legal Hold for this Account? This will temporarily clean the retention end date until further notice. Please confirm.</defaultvalue>
  <description default="Message to be shown if Legal Hold is set for any Account">
    <label description="Message to be shown if Legal Hold is set for any Account" languagecode="1033" />
  </description>
  <displayname default="Legal Hold Message">
    <label description="Legal Hold Message" languagecode="1033" />
  </displayname>
  <introducedversion>1.0.0.0</introducedversion>
  <iscustomizable>1</iscustomizable>
  <isrequired>0</isrequired>
  <type>100000000</type>
</environmentvariabledefinition>