<ImportExportXml version="9.2.21082.132" SolutionPackageVersion="9.2" languagecode="1033" generatedBy="CrmLive" xmlns:xsi="http://www.w3.org/2001/XMLSchema-instance">
  <SolutionManifest>
    <UniqueName>TFLGDPRRegulation</UniqueName>
    <LocalizedNames>
      <LocalizedName description="GDPR Regulation" languagecode="1033" />
    </LocalizedNames>
    <Descriptions>
      <Description description="Solution created for TFL GDPR regulation. This includes Account configuration, Security Role (CEO-Business Manager) and Security Profile for &quot;Legal Hold&quot; property." languagecode="1033" />
    </Descriptions>
    <Version>1.0.0.0</Version>
    <Managed>1</Managed>
    <Publisher>
      <UniqueName>PublisherTFL</UniqueName>
      <LocalizedNames>
        <LocalizedName description="TFL Default Publisher" languagecode="1033" />
      </LocalizedNames>
      <Descriptions>
        <Description description="Default Publisher for TFL" languagecode="1033" />
      </Descriptions>
      <EMailAddress xsi:nil="true"></EMailAddress>
      <SupportingWebsiteUrl xsi:nil="true"></SupportingWebsiteUrl>
      <CustomizationPrefix>tfl</CustomizationPrefix>
      <CustomizationOptionValuePrefix>10000</CustomizationOptionValuePrefix>
      <Addresses>
        <Address>
          <AddressNumber>1</AddressNumber>
          <AddressTypeCode>1</AddressTypeCode>
          <City xsi:nil="true"></City>
          <County xsi:nil="true"></County>
          <Country xsi:nil="true"></Country>
          <Fax xsi:nil="true"></Fax>
          <FreightTermsCode xsi:nil="true"></FreightTermsCode>
          <ImportSequenceNumber xsi:nil="true"></ImportSequenceNumber>
          <Latitude xsi:nil="true"></Latitude>
          <Line1 xsi:nil="true"></Line1>
          <Line2 xsi:nil="true"></Line2>
          <Line3 xsi:nil="true"></Line3>
          <Longitude xsi:nil="true"></Longitude>
          <Name xsi:nil="true"></Name>
          <PostalCode xsi:nil="true"></PostalCode>
          <PostOfficeBox xsi:nil="true"></PostOfficeBox>
          <PrimaryContactName xsi:nil="true"></PrimaryContactName>
          <ShippingMethodCode>1</ShippingMethodCode>
          <StateOrProvince xsi:nil="true"></StateOrProvince>
          <Telephone1 xsi:nil="true"></Telephone1>
          <Telephone2 xsi:nil="true"></Telephone2>
          <Telephone3 xsi:nil="true"></Telephone3>
          <TimeZoneRuleVersionNumber xsi:nil="true"></TimeZoneRuleVersionNumber>
          <UPSZone xsi:nil="true"></UPSZone>
          <UTCOffset xsi:nil="true"></UTCOffset>
          <UTCConversionTimeZoneCode xsi:nil="true"></UTCConversionTimeZoneCode>
        </Address>
        <Address>
          <AddressNumber>2</AddressNumber>
          <AddressTypeCode>1</AddressTypeCode>
          <City xsi:nil="true"></City>
          <County xsi:nil="true"></County>
          <Country xsi:nil="true"></Country>
          <Fax xsi:nil="true"></Fax>
          <FreightTermsCode xsi:nil="true"></FreightTermsCode>
          <ImportSequenceNumber xsi:nil="true"></ImportSequenceNumber>
          <Latitude xsi:nil="true"></Latitude>
          <Line1 xsi:nil="true"></Line1>
          <Line2 xsi:nil="true"></Line2>
          <Line3 xsi:nil="true"></Line3>
          <Longitude xsi:nil="true"></Longitude>
          <Name xsi:nil="true"></Name>
          <PostalCode xsi:nil="true"></PostalCode>
          <PostOfficeBox xsi:nil="true"></PostOfficeBox>
          <PrimaryContactName xsi:nil="true"></PrimaryContactName>
          <ShippingMethodCode>1</ShippingMethodCode>
          <StateOrProvince xsi:nil="true"></StateOrProvince>
          <Telephone1 xsi:nil="true"></Telephone1>
          <Telephone2 xsi:nil="true"></Telephone2>
          <Telephone3 xsi:nil="true"></Telephone3>
          <TimeZoneRuleVersionNumber xsi:nil="true"></TimeZoneRuleVersionNumber>
          <UPSZone xsi:nil="true"></UPSZone>
          <UTCOffset xsi:nil="true"></UTCOffset>
          <UTCConversionTimeZoneCode xsi:nil="true"></UTCConversionTimeZoneCode>
        </Address>
      </Addresses>
    </Publisher>
    <RootComponents>
      <RootComponent type="1" schemaName="account" behavior="2" />
      <RootComponent type="1" schemaName="annotation" behavior="2" />
      <RootComponent type="1" schemaName="new_applicationlogprocess" behavior="0" />
      <RootComponent type="1" schemaName="tfl_applicationlog" behavior="0" />
      <RootComponent type="9" schemaName="tfl_logtype" behavior="0" />
      <RootComponent type="9" schemaName="tfl_origin" behavior="0" />
      <RootComponent type="20" id="{2752081a-b306-ec11-b6e6-0022481a3879}" behavior="0" />
      <RootComponent type="20" id="{f13ecdf4-b206-ec11-b6e6-0022481a3879}" behavior="0" />
      <RootComponent type="29" id="{14d91732-3507-ec11-b6e6-0022481a3879}" behavior="0" />
      <RootComponent type="29" id="{15d91732-3507-ec11-b6e6-0022481a3879}" behavior="0" />
      <RootComponent type="29" id="{5da281d2-4f03-43e7-8023-dbdb70311181}" behavior="0" />
      <RootComponent type="29" id="{d17e05dd-ee07-ec11-b6e6-0022481a3685}" behavior="0" />
      <RootComponent type="60" id="{02d34e6c-e905-ec11-b6e6-0022481a3879}" behavior="0" />
      <RootComponent type="60" id="{1c7995ce-e705-ec11-b6e6-0022481a3879}" />
      <RootComponent type="61" schemaName="tfl_accountMain.js" behavior="0" />
      <RootComponent type="61" schemaName="tfl_applicationLog16.png" behavior="0" />
      <RootComponent type="61" schemaName="tfl_applicationLog32.png" behavior="0" />
      <RootComponent type="61" schemaName="tfl_gdprAppIcon" behavior="0" />
      <RootComponent type="62" schemaName="tfl_ApplicationLogs" behavior="0" />
      <RootComponent type="70" id="{34dcac05-2203-ec11-b6e6-0022481a3879}" behavior="0" />
      <RootComponent type="70" id="{4934d45c-2203-ec11-b6e6-0022481a3879}" behavior="0" />
      <RootComponent type="80" schemaName="tfl_ApplicationLogs" behavior="0" />
    </RootComponents>
    <MissingDependencies>
      <MissingDependency>
        <Required type="1" schemaName="entitlement" displayName="Entitlement" solution="msdynce_Service (9.0.5.56)">
          <package>msdynce_ServiceAnchor (9.0.21082.1010)</package>
        </Required>
        <Dependent type="60" displayName="GDPR Admin " parentDisplayName="Account" id="{687eef7d-4509-ec11-b6e6-000d3a86f044}" />
      </MissingDependency>
      <MissingDependency>
        <Required type="1" schemaName="entitlement" displayName="Entitlement" solution="msdynce_Service (9.0.5.56)">
          <package>msdynce_ServiceAnchor (9.0.21082.1010)</package>
        </Required>
        <Dependent type="60" displayName="account card" parentDisplayName="Account" id="{b028db32-3619-48a5-ac51-cf3f947b0ef3}" />
      </MissingDependency>
      <MissingDependency>
        <Required type="1" schemaName="environmentvariabledefinition" displayName="Environment Variable Definition" solution="EnvironmentVariables (1.0.2.88)" />
        <Dependent type="29" displayName="Retention.Process" id="{14d91732-3507-ec11-b6e6-0022481a3879}" />
      </MissingDependency>
      <MissingDependency>
        <Required type="1" schemaName="environmentvariabledefinition" displayName="Environment Variable Definition" solution="EnvironmentVariables (1.0.2.88)" />
        <Dependent type="29" displayName="DeletionPolicy.Job" id="{15d91732-3507-ec11-b6e6-0022481a3879}" />
      </MissingDependency>
      <MissingDependency>
        <Required type="1" schemaName="incident" displayName="Case" solution="msdynce_Service (9.0.5.56)">
          <package>msdynce_ServiceAnchor (9.0.21082.1010)</package>
        </Required>
        <Dependent type="29" displayName="Retention.Process" id="{14d91732-3507-ec11-b6e6-0022481a3879}" />
      </MissingDependency>
      <MissingDependency>
        <Required type="1" schemaName="incident" displayName="Case" solution="msdynce_Service (9.0.5.56)">
          <package>msdynce_ServiceAnchor (9.0.21082.1010)</package>
        </Required>
        <Dependent type="60" displayName="GDPR Admin " parentDisplayName="Account" id="{687eef7d-4509-ec11-b6e6-000d3a86f044}" />
      </MissingDependency>
      <MissingDependency>
        <Required type="1" schemaName="incident" displayName="Case" solution="msdynce_Service (9.0.5.56)">
          <package>msdynce_ServiceAnchor (9.0.21082.1010)</package>
        </Required>
        <Dependent type="60" displayName="account card" parentDisplayName="Account" id="{b028db32-3619-48a5-ac51-cf3f947b0ef3}" />
      </MissingDependency>
      <MissingDependency>
        <Required type="1" schemaName="incident" displayName="Case" solution="msdynce_Service (9.0.5.56)">
          <package>msdynce_ServiceAnchor (9.0.21082.1010)</package>
        </Required>
        <Dependent type="62" schemaName="tfl_ApplicationLogs" />
      </MissingDependency>
      <MissingDependency>
        <Required type="1" schemaName="incident" displayName="Case" solution="msdynce_Service (9.0.5.56)">
          <package>msdynce_ServiceAnchor (9.0.21082.1010)</package>
        </Required>
        <Dependent type="80" schemaName="tfl_ApplicationLogs" displayName="GDPR Administration" />
      </MissingDependency>
      <MissingDependency>
        <Required type="1" schemaName="msdyn_customerasset" displayName="Customer Asset" solution="msdyn_AssetCommon (1.0.6.37)">
          <package>msdynce_ServiceAnchor (9.0.21082.1010)</package>
        </Required>
        <Dependent type="60" displayName="Account for Interactive experience" parentDisplayName="Account" id="{a72c7955-442b-4ea4-9499-b10cd18b4256}" />
      </MissingDependency>
      <MissingDependency>
        <Required type="1" schemaName="opportunity" displayName="Opportunity" solution="msdynce_Sales (9.0.4.0076)">
          <package>msdynce_SalesAnchor (9.0.21082.10001)</package>
        </Required>
        <Dependent type="60" displayName="GDPR Admin " parentDisplayName="Account" id="{687eef7d-4509-ec11-b6e6-000d3a86f044}" />
      </MissingDependency>
      <MissingDependency>
        <Required type="10" schemaName="msdyn_account_msdyn_customerasset_Account" displayName="msdyn_account_msdyn_customerasset_Account" parentSchemaName="account" parentDisplayName="Account" solution="msdyn_AssetCommon (1.0.6.37)">
          <package>msdynce_ServiceAnchor (9.0.21082.1010)</package>
        </Required>
        <Dependent type="60" displayName="Account for Interactive experience" parentDisplayName="Account" id="{a72c7955-442b-4ea4-9499-b10cd18b4256}" />
      </MissingDependency>
      <MissingDependency>
        <Required type="2" schemaName="originatingleadid" displayName="Originating Lead" parentSchemaName="account" parentDisplayName="Account" solution="msdynce_LeadManagement (9.0.4.0066)">
          <package>msdynce_LeadManagementAnchor (9.0.21082.10001)</package>
        </Required>
        <Dependent type="60" displayName="GDPR Admin " parentDisplayName="Account" id="{687eef7d-4509-ec11-b6e6-000d3a86f044}" />
      </MissingDependency>
      <MissingDependency>
        <Required type="2" schemaName="originatingleadid" displayName="Originating Lead" parentSchemaName="account" parentDisplayName="Account" solution="msdynce_LeadManagement (9.0.4.0066)">
          <package>msdynce_LeadManagementAnchor (9.0.21082.10001)</package>
        </Required>
        <Dependent type="60" displayName="Account for Interactive experience" parentDisplayName="Account" id="{a72c7955-442b-4ea4-9499-b10cd18b4256}" />
      </MissingDependency>
      <MissingDependency>
        <Required type="2" schemaName="statecode" displayName="Status" parentSchemaName="incident" parentDisplayName="Case" solution="msdynce_Service (9.0.5.56)">
          <package>msdynce_ServiceAnchor (9.0.21082.1010)</package>
        </Required>
        <Dependent type="29" displayName="Retention.Process" id="{14d91732-3507-ec11-b6e6-0022481a3879}" />
      </MissingDependency>
      <MissingDependency>
        <Required type="26" schemaName="All Cases" displayName="All Cases" parentSchemaName="incident" parentDisplayName="Case" solution="msdynce_Service (9.0.5.56)" id="{00000000-0000-0000-00aa-000010001030}">
          <package>msdynce_ServiceAnchor (9.0.21082.1010)</package>
        </Required>
        <Dependent type="80" schemaName="tfl_ApplicationLogs" displayName="GDPR Administration" />
      </MissingDependency>
      <MissingDependency>
        <Required type="26" schemaName="Active Cases" displayName="Active Cases" parentSchemaName="incident" parentDisplayName="Case" solution="msdynce_Service (9.0.5.56)" id="{00000000-0000-0000-00aa-000010001032}">
          <package>msdynce_ServiceAnchor (9.0.21082.1010)</package>
        </Required>
        <Dependent type="80" schemaName="tfl_ApplicationLogs" displayName="GDPR Administration" />
      </MissingDependency>
      <MissingDependency>
        <Required type="26" schemaName="Resolved Cases" displayName="Resolved Cases" parentSchemaName="incident" parentDisplayName="Case" solution="msdynce_Service (9.0.5.56)" id="{00000000-0000-0000-00aa-000010001034}">
          <package>msdynce_ServiceAnchor (9.0.21082.1010)</package>
        </Required>
        <Dependent type="80" schemaName="tfl_ApplicationLogs" displayName="GDPR Administration" />
      </MissingDependency>
      <MissingDependency>
        <Required type="26" schemaName="All Cases for Customer" displayName="All Cases for Customer" parentSchemaName="incident" parentDisplayName="Case" solution="msdynce_Service (9.0.5.56)" id="{00000000-0000-0000-00aa-000010001039}">
          <package>msdynce_ServiceAnchor (9.0.21082.1010)</package>
        </Required>
        <Dependent type="60" displayName="GDPR Admin " parentDisplayName="Account" id="{687eef7d-4509-ec11-b6e6-000d3a86f044}" />
      </MissingDependency>
      <MissingDependency>
        <Required type="26" schemaName="All Cases for Customer" displayName="All Cases for Customer" parentSchemaName="incident" parentDisplayName="Case" solution="msdynce_Service (9.0.5.56)" id="{00000000-0000-0000-00aa-000010001039}">
          <package>msdynce_ServiceAnchor (9.0.21082.1010)</package>
        </Required>
        <Dependent type="60" displayName="account card" parentDisplayName="Account" id="{b028db32-3619-48a5-ac51-cf3f947b0ef3}" />
      </MissingDependency>
      <MissingDependency>
        <Required type="26" schemaName="My Open Opportunities" displayName="My Open Opportunities" parentSchemaName="opportunity" parentDisplayName="Opportunity" solution="msdynce_Sales (9.0.4.0076)" id="{00000000-0000-0000-00aa-000010003000}">
          <package>msdynce_SalesAnchor (9.0.21082.10001)</package>
        </Required>
        <Dependent type="60" displayName="GDPR Admin " parentDisplayName="Account" id="{687eef7d-4509-ec11-b6e6-000d3a86f044}" />
      </MissingDependency>
      <MissingDependency>
        <Required type="26" schemaName="All Contacts" displayName="All Contacts" parentSchemaName="contact" parentDisplayName="Contact" solution="msdynce_AppCommon (9.0.4.0066)" id="{0d5d377b-5e7c-47b5-bab1-a5cb8b4ac105}">
          <package>msdynce_AppCommonAnchor (9.0.21082.10001)</package>
        </Required>
        <Dependent type="80" schemaName="tfl_ApplicationLogs" displayName="GDPR Administration" />
      </MissingDependency>
      <MissingDependency>
        <Required type="26" schemaName="Customer Asset associated view with alerts" displayName="Customer Asset associated view with alerts" parentSchemaName="msdyn_customerasset" parentDisplayName="Customer Asset" solution="msdyn_ConnectedCustomerService (9.0.20115.1024)" id="{38cc036f-fbfe-e911-a81c-000d3ac2c6cb}">
          <package>msdynce_ServiceAnchor (9.0.21082.1010)</package>
        </Required>
        <Dependent type="60" displayName="Account for Interactive experience" parentDisplayName="Account" id="{a72c7955-442b-4ea4-9499-b10cd18b4256}" />
      </MissingDependency>
      <MissingDependency>
        <Required type="26" schemaName="All Accounts" displayName="All Accounts" parentSchemaName="account" parentDisplayName="Account" solution="msdynce_AppCommon (9.0.4.0066)" id="{65ffaf9a-e8c5-432d-860b-32f841b00d87}">
          <package>msdynce_AppCommonAnchor (9.0.21082.10001)</package>
        </Required>
        <Dependent type="80" schemaName="tfl_ApplicationLogs" displayName="GDPR Administration" />
      </MissingDependency>
      <MissingDependency>
        <Required type="26" schemaName="Active Customer Assets" displayName="Active Customer Assets" parentSchemaName="msdyn_customerasset" parentDisplayName="Customer Asset" solution="msdyn_AssetCommon (1.0.6.37)" id="{6ecb03a4-acda-44ae-83e3-c60ba8338dbb}">
          <package>msdynce_ServiceAnchor (9.0.21082.1010)</package>
        </Required>
        <Dependent type="60" displayName="Account for Interactive experience" parentDisplayName="Account" id="{a72c7955-442b-4ea4-9499-b10cd18b4256}" />
      </MissingDependency>
      <MissingDependency>
        <Required type="26" schemaName="Account Entitlements" displayName="Account Entitlements" parentSchemaName="entitlement" parentDisplayName="Entitlement" solution="msdynce_Service (9.0.5.56)" id="{961bf8aa-042f-4f4d-bcca-935bfc9a6994}">
          <package>msdynce_ServiceAnchor (9.0.21082.1010)</package>
        </Required>
        <Dependent type="60" displayName="GDPR Admin " parentDisplayName="Account" id="{687eef7d-4509-ec11-b6e6-000d3a86f044}" />
      </MissingDependency>
      <MissingDependency>
        <Required type="26" schemaName="Account Entitlements" displayName="Account Entitlements" parentSchemaName="entitlement" parentDisplayName="Entitlement" solution="msdynce_Service (9.0.5.56)" id="{961bf8aa-042f-4f4d-bcca-935bfc9a6994}">
          <package>msdynce_ServiceAnchor (9.0.21082.1010)</package>
        </Required>
        <Dependent type="60" displayName="account card" parentDisplayName="Account" id="{b028db32-3619-48a5-ac51-cf3f947b0ef3}" />
      </MissingDependency>
      <MissingDependency>
        <Required type="26" schemaName="Recent Opportunities" displayName="Recent Opportunities" parentSchemaName="opportunity" parentDisplayName="Opportunity" solution="msdynce_Sales (9.0.4.0076)" id="{9c3f7ee8-eca7-e211-9fb6-00155dd0ea05}">
          <package>msdynce_SalesAnchor (9.0.21082.10001)</package>
        </Required>
        <Dependent type="60" displayName="GDPR Admin " parentDisplayName="Account" id="{687eef7d-4509-ec11-b6e6-000d3a86f044}" />
      </MissingDependency>
      <MissingDependency>
        <Required type="59" schemaName="Top Customers" displayName="Top Customers" parentSchemaName="opportunity" parentDisplayName="Opportunity" solution="msdynce_Sales (9.0.4.0076)" id="{8bc5fb18-48f2-4782-9e16-3d452fa4ddce}">
          <package>msdynce_SalesAnchor (9.0.21082.10001)</package>
        </Required>
        <Dependent type="60" displayName="GDPR Admin " parentDisplayName="Account" id="{687eef7d-4509-ec11-b6e6-000d3a86f044}" />
      </MissingDependency>
      <MissingDependency>
        <Required type="60" displayName="account contact card" parentDisplayName="Contact" solution="msdynce_AppCommon (9.0.4.0066)" id="{29de27bc-a257-4f29-99cf-bab4a84e688f}">
          <package>msdynce_AppCommonAnchor (9.0.21082.10001)</package>
        </Required>
        <Dependent type="60" displayName="GDPR Admin " parentDisplayName="Account" id="{687eef7d-4509-ec11-b6e6-000d3a86f044}" />
      </MissingDependency>
      <MissingDependency>
        <Required type="60" displayName="account contact card" parentDisplayName="Contact" solution="msdynce_AppCommon (9.0.4.0066)" id="{29de27bc-a257-4f29-99cf-bab4a84e688f}">
          <package>msdynce_AppCommonAnchor (9.0.21082.10001)</package>
        </Required>
        <Dependent type="60" displayName="Account for Interactive experience" parentDisplayName="Account" id="{a72c7955-442b-4ea4-9499-b10cd18b4256}" />
      </MissingDependency>
      <MissingDependency>
        <Required type="60" displayName="Case for Interactive experience" parentDisplayName="Case" solution="msdynce_Service (9.0.5.56)" id="{915f6055-2e07-4276-ae08-2b96c8d02c57}">
          <package>msdynce_ServiceAnchor (9.0.21082.1010)</package>
        </Required>
        <Dependent type="80" schemaName="tfl_ApplicationLogs" displayName="GDPR Administration" />
      </MissingDependency>
      <MissingDependency>
        <Required type="60" displayName="Account for Interactive experience" parentDisplayName="Account" solution="msdynce_AppCommon (9.0.4.0066)" id="{a72c7955-442b-4ea4-9499-b10cd18b4256}">
          <package>msdynce_AppCommonAnchor (9.0.21082.10001)</package>
        </Required>
        <Dependent type="60" displayName="Account for Interactive experience" parentDisplayName="Account" id="{a72c7955-442b-4ea4-9499-b10cd18b4256}" />
      </MissingDependency>
      <MissingDependency>
        <Required type="60" displayName="account card" parentDisplayName="Account" solution="msdynce_AppCommon (9.0.4.0066)" id="{b028db32-3619-48a5-ac51-cf3f947b0ef3}">
          <package>msdynce_AppCommonAnchor (9.0.21082.10001)</package>
        </Required>
        <Dependent type="60" displayName="account card" parentDisplayName="Account" id="{b028db32-3619-48a5-ac51-cf3f947b0ef3}" />
      </MissingDependency>
      <MissingDependency>
        <Required type="60" displayName="Contact for Interactive experience" parentDisplayName="Contact" solution="msdynce_LeadManagement (9.0.4.0066)" id="{cc760212-3eab-4009-b5c3-ea9cf6f3e141}">
          <package>msdynce_LeadManagementAnchor (9.0.21082.10001)</package>
        </Required>
        <Dependent type="80" schemaName="tfl_ApplicationLogs" displayName="GDPR Administration" />
      </MissingDependency>
      <MissingDependency>
        <Required type="60" displayName="Account Card form" parentDisplayName="Account" solution="msdynce_AppCommon (9.0.4.0066)" id="{cccff382-2b92-467e-bf1b-3db179512af8}">
          <package>msdynce_AppCommonAnchor (9.0.21082.10001)</package>
        </Required>
        <Dependent type="60" displayName="Account Card form" parentDisplayName="Account" id="{cccff382-2b92-467e-bf1b-3db179512af8}" />
      </MissingDependency>
      <MissingDependency>
        <Required type="61" schemaName="AppCommon/Account/Account_main_system_library.js" displayName="AppCommon/Account/Account_main_system_library.js" solution="msdynce_AppCommon (9.0.4.0066)">
          <package>msdynce_AppCommonAnchor (9.0.21082.10001)</package>
        </Required>
        <Dependent type="60" displayName="Account for Interactive experience" parentDisplayName="Account" id="{a72c7955-442b-4ea4-9499-b10cd18b4256}" />
      </MissingDependency>
      <MissingDependency>
        <Required type="61" schemaName="msdyn_/ConnectedCustomerService/Account/AccountForm.js" displayName="msdyn_/ConnectedCustomerService/Account/AccountForm.js" solution="msdyn_ConnectedCustomerService (9.0.20115.1024)">
          <package>msdynce_ServiceAnchor (9.0.21082.1010)</package>
        </Required>
        <Dependent type="60" displayName="Account for Interactive experience" parentDisplayName="Account" id="{a72c7955-442b-4ea4-9499-b10cd18b4256}" />
      </MissingDependency>
      <MissingDependency>
        <Required type="66" schemaName="MscrmControls.CardFeedContainer.CardFeedContainer" displayName="MscrmControls.CardFeedContainer.CardFeedContainer" solution="BaseCustomControlsCore (9.0.2108.2012)" />
        <Dependent type="60" displayName="GDPR Admin " parentDisplayName="Account" id="{687eef7d-4509-ec11-b6e6-000d3a86f044}" />
      </MissingDependency>
      <MissingDependency>
        <Required type="66" schemaName="MscrmControls.FieldControls.ToggleControl" displayName="MscrmControls.FieldControls.ToggleControl" solution="BaseCustomControlsCore (9.0.2108.2012)" />
        <Dependent type="60" displayName="Account for Interactive experience" parentDisplayName="Account" id="{a72c7955-442b-4ea4-9499-b10cd18b4256}" />
      </MissingDependency>
      <MissingDependency>
        <Required type="66" schemaName="msdyn_MscrmControls.TreeView.TreeViewControl" displayName="msdyn_MscrmControls.TreeView.TreeViewControl" solution="msdyn_AssetCommon (1.0.6.37)">
          <package>msdynce_ServiceAnchor (9.0.21082.1010)</package>
        </Required>
        <Dependent type="60" displayName="GDPR Admin " parentDisplayName="Account" id="{687eef7d-4509-ec11-b6e6-000d3a86f044}" />
      </MissingDependency>
    </MissingDependencies>
  </SolutionManifest>
</ImportExportXml>