<environmentvariabledefinition schemaname="tfl_AdminEmailID">
  <defaultvalue>krishnarjunhalder@trainwithkrish1.onmicrosoft.com</defaultvalue>
  <description default="Email ID for Admin who should receive email on any job failure">
    <label description="Email ID for Admin who should receive email on any job failure" languagecode="1033" />
  </description>
  <displayname default="Admin Email ID">
    <label description="Admin Email ID" languagecode="1033" />
  </displayname>
  <introducedversion>1.0.0.0</introducedversion>
  <iscustomizable>1</iscustomizable>
  <isrequired>0</isrequired>
  <type>100000000</type>
</environmentvariabledefinition>