<environmentvariabledefinition schemaname="tfl_PowerAutomateURL">
  <defaultvalue>https://unitedkingdom.flow.microsoft.com/manage/environments/</defaultvalue>
  <description default="Base URL for power automate environment ">
    <label description="Base URL for power automate environment " languagecode="1033" />
  </description>
  <displayname default="Power Automate URL">
    <label description="Power Automate URL" languagecode="1033" />
  </displayname>
  <introducedversion>1.0.0.0</introducedversion>
  <iscustomizable>1</iscustomizable>
  <isrequired>0</isrequired>
  <type>100000000</type>
</environmentvariabledefinition>